<?xml version="1.0"?>
<!-- @copyright  Copyright (c) 2009 AITOC, Inc. -->
<config>
    <includes>
        <default>
			<Aitoc_Aitsys_Abstract_Block/>
			<Aitoc_Aitsys_Abstract_Controller/>
			<Aitoc_Aitsys_Abstract_Helper/>
			<Aitoc_Aitsys_Abstract_Model_Interface/>
			<Aitoc_Aitsys_Abstract_Model/>
			<Aitoc_Aitsys_Abstract_Mysql4_Collection/>
			<Aitoc_Aitsys_Abstract_Mysql4/>
			<Aitoc_Aitsys_Abstract_Pure/>
			<Aitoc_Aitsys_Abstract_Reader_Interface/>
			<Aitoc_Aitsys_Abstract_Resource_Eav_Setup/>
			<Aitoc_Aitsys_Abstract_Resource_Setup/>
			<Aitoc_Aitsys_Abstract_Service/>
			<Aitoc_Aitsys_Abstract_Version/>
			<Aitoc_Aitsys_Helper_Data/>
			<Aitoc_Aitsys_Helper_License/>
			<Aitoc_Aitsys_Helper_Light_Domain/>
			<Aitoc_Aitsys_Helper_Rewriter/>
			<Aitoc_Aitsys_Model_Aitfilesystem/>
			<Aitoc_Aitsys_Model_Aitsys/>
			<Aitoc_Aitsys_Model_Core_Cache/>
			<Aitoc_Aitsys_Model_Custom_Core_Url/>
			<Aitoc_Aitsys_Model_Database/>
			<Aitoc_Aitsys_Model_Exception/>
			<Aitoc_Aitsys_Model_License_Observer/>
			<Aitoc_Aitsys_Model_License_Service_Exception/>
			<Aitoc_Aitsys_Model_License_Service_Light/>
			<Aitoc_Aitsys_Model_License_Service/>
			<Aitoc_Aitsys_Model_License_Stop/>
			<Aitoc_Aitsys_Model_Module_Abstract/>
			<Aitoc_Aitsys_Model_Module_Acl_Observer/>
			<Aitoc_Aitsys_Model_Module_Acl/>
			<Aitoc_Aitsys_Model_Module_Acl_Roles/>
			<Aitoc_Aitsys_Model_Module_Install_Light/>
			<Aitoc_Aitsys_Model_Module_Install/>
			<Aitoc_Aitsys_Model_Module_License_Light_Performer_Closed/>
			<Aitoc_Aitsys_Model_Module_License_Light_Performer_Reader/>
			<Aitoc_Aitsys_Model_Module_License_Light/>
			<Aitoc_Aitsys_Model_Module_License_Light_Platform/>
			<Aitoc_Aitsys_Model_Module_License/>
			<Aitoc_Aitsys_Model_Module/>
			<Aitoc_Aitsys_Model_Module_Status/>
			<Aitoc_Aitsys_Model_Mysql4_Module_License_Light_Performer_Closed_Collection/>
			<Aitoc_Aitsys_Model_Mysql4_Module_License_Light_Performer_Closed/>
			<Aitoc_Aitsys_Model_Mysql4_Module_Status_Collection/>
			<Aitoc_Aitsys_Model_Mysql4_Module_Status/>
			<Aitoc_Aitsys_Model_Mysql4_Setup/>
			<Aitoc_Aitsys_Model_Observer/>
			<Aitoc_Aitsys_Model_Platform/>
			<Aitoc_Aitsys_Model_Rewriter_Abstract/>
			<Aitoc_Aitsys_Model_Rewriter_Autoload/>
			<Aitoc_Aitsys_Model_Rewriter_Class/>
			<Aitoc_Aitsys_Model_Rewriter_Config/>
			<Aitoc_Aitsys_Model_Rewriter_Conflict/>
			<Aitoc_Aitsys_Model_Rewriter_Inheritance/>
			<Aitoc_Aitsys_Model_Rewriter_MageConfig/>
			<Aitoc_Aitsys_Model_Rewriter_Merge/>
			<Aitoc_Aitsys_Model_Rewriter_Observer/>
			<Aitoc_Aitsys_Model_Rewriter/>
            <Varien_Crypt/>
            <Varien_Crypt_Abstract/>
            <Varien_Crypt_Mcrypt/>
            <Mage_Catalog_Model_Product_Status/>
            <Mage_Catalog_Model_Product_Type/>
        </default>
    </includes>
    <!-- Classes to remove from compilation after batch copy -->
    <exclude_files>
        <Aitoc_Aitsys_Model_Rewriter_Mage_Core_Block_Abstract/>
        <Aitoc_Aitsys_Model_Rewriter_Mage_Core_Block_Template/>
        <Aitoc_Aitsys_Model_Rewriter_Mage_Core_Model_Design_Package/>
    </exclude_files>
    <!-- Classes to remove from compilation before merge into scope files -->
    <exclude_classes>
        <default>
            <Mage_Core_Model_App/>
            <Varien_Db_Select/>
        </default>
        <checkout>
            <Varien_Crypt/>
            <Varien_Crypt_Abstract/>
            <Varien_Crypt_Mcrypt/>
            <Mage_Catalog_Model_Product_Status/>
            <Mage_Catalog_Model_Product_Type/>
        </checkout>
        <catalog>
            <Mage_Catalog_Model_Product_Status/>
        </catalog>
    </exclude_classes>
    <remove_scope/>
    <rename_scope/>
    <!-- Classes to replace with abstract rewrites after batch copy -->
    <replace>
        <Mage_Core_Block_Abstract/>
        <Mage_Core_Block_Template/>
        <Mage_Core_Model_Design_Package/>
    </replace>
    <modules_rules>
        <Aitoc_Aitcheckout>
            <rename_scope>
                <checkout>aitcheckout</checkout>
            </rename_scope>
        </Aitoc_Aitcheckout>
    </modules_rules>
</config>
