<?xml version="1.0" encoding="UTF-8"?>
<!-- @copyright  Copyright (c) 2009 AITOC, Inc. -->
<config>
    <tabs>
        <aitoc translate="label" module="aitsys">
            <label>Aitoc modules settings</label>
            <sort_order>150</sort_order>
        </aitoc>
    </tabs>
    <sections>
        <aitsys translate="label" module="aitsys">
            <class>separator-top</class>
            <label>Store Specific Settings</label>
            <tab>aitoc</tab>
            <frontend_type>text</frontend_type>
            <sort_order>100</sort_order>
            <show_in_default>1</show_in_default>
            <show_in_website>0</show_in_website>
            <show_in_store>0</show_in_store>
            <groups>
                <settings translate="label" module="aitsys">
                    <label>Modules Manager Settings</label>
                    <frontend_type>text</frontend_type>
                    <sort_order>150</sort_order>
                    <show_in_default>1</show_in_default>
                    <show_in_website>0</show_in_website>
                    <show_in_store>0</show_in_store>
                    <fields>
                        <use_dynamic_patches translate="label" module="aitsys">
                            <label>Use the dynamic templates</label>
                            <frontend_type>select</frontend_type>
                            <source_model>adminhtml/system_config_source_yesno</source_model>
                            <sort_order>10</sort_order>
                            <show_in_default>1</show_in_default>
                            <show_in_website>0</show_in_website>
                            <show_in_store>0</show_in_store>
                        </use_dynamic_patches>
                        <multiple_admin_urls translate="label" module="aitsys">
                            <label>Use several admin urls for sinlgle magento installation (beta)</label>
                            <frontend_type>select</frontend_type>
                            <source_model>adminhtml/system_config_source_yesno</source_model>
                            <sort_order>20</sort_order>
                            <show_in_default>1</show_in_default>
                            <show_in_website>0</show_in_website>
                            <show_in_store>0</show_in_store>
                        </multiple_admin_urls>
                    </fields>
                </settings>

                <modules translate="label comment" module="aitsys">
                    <label>Enable/Disable Modules Functionality</label>
                    <frontend_type>text</frontend_type>
                    <sort_order>200</sort_order>
                    <show_in_default>1</show_in_default>
                    <show_in_website>0</show_in_website>
                    <show_in_store>0</show_in_store>
                    <comment>This section allows you to enable/disable module for stores depending on AITOC license rules restrictions</comment>
                </modules>
            </groups>
        </aitsys>
    </sections>
</config>