<?xml version="1.0"?>
<config>
    <template>
        <adminhtml>
            <file path="design--adminhtml--default--default--template--catalog--product--edit--options--option"></file>
            <file path="design--adminhtml--default--default--template--catalog--product--helper--gallery"></file>
        </adminhtml>
        
    </template>
    
</config>
<!--
/**
 * Custom Product Preview
 *
 * @category:    Aitoc
 * @package:     Aitoc_Aitcg
 * @version      11.2.2
 * @license:     AJifvLXz2Jhov40GDpSzkNqfs4dkmEPJtRhHJxJI2y
 * @copyright:   Copyright (c) 2013 AITOC, Inc. (http://www.aitoc.com)
 */
-->
